Player Name,Current Market Value (USD)
Jakub Moder,11000000.0
Michal Karbownik,6600000.0
Billy Arce,660000.0
Amad Diallo,16500000.0
Patrick Cutrone,13200000.0
Frederik Alves,440000.0
Winston Reid,1650000.0
Raheem Sterling,121000000.0
Heung-min Son,99000000.0
Bruno Fernandes,99000000.0
Bernardo Silva,77000000.0
Paul Pogba,71500000.0
N'Golo Kanté,66000000.0
Rúben Dias,66000000.0
Anthony Martial,60500000.0
Ferran Torres,55000000.0
Youri Tielemans,55000000.0
Jack Grealish,55000000.0
Tanguy Ndombélé,49500000.0
Hakim Ziyech,49500000.0
Dominic Calvert-Lewin,49500000.0
Harry Maguire,44000000.0
Pierre-Emerick Aubameyang,44000000.0
Davinson Sánchez,44000000.0
Donny van de Beek,44000000.0
Dele Alli,41800000.0
Alexandre Lacazette,38500000.0
Kurt Zouma,38500000.0
Sergio Agüero,38500000.0
Alex Telles,38500000.0
Reece James,38500000.0
Lucas Digne,36300000.0
Leander Dendoncker,35200000.0
Tomas Soucek,33000000.0
Pierre-Emile Höjbjerg,33000000.0
Héctor Bellerín,30800000.0
Kieran Tierney,30800000.0
Wesley Fofana,29700000.0
Pedro Neto,29700000.0
Kalvin Phillips,29700000.0
Scott McTominay,27500000.0
Edouard Mendy,27500000.0
Harry Winks,27500000.0
David de Gea,27500000.0
Antonio Rüdiger,27500000.0
Granit Xhaka,27500000.0
Eric Dier,27500000.0
James Ward-Prowse,27500000.0
Daniel Podence,27500000.0
Rodrigo,27500000.0
Ben White,24200000.0
Jan Bednarek,22000000.0
Gareth Bale,22000000.0
John McGinn,22000000.0
André Gomes,22000000.0
Fred,22000000.0
Issa Diop,22000000.0
Serge Aurier,22000000.0
Emiliano Martínez,19800000.0
Curtis Jones,18700000.0
Fikayo Tomori,18700000.0
César Azpilicueta,18700000.0
James Justin,18700000.0
Kepa,16500000.0
Jannik Vestergaard,16500000.0
Emerson,16500000.0
Che Adams,16500000.0
Patrick Bamford,16500000.0
Willian,16500000.0
Kyle Walker-Peters,16500000.0
Marcos Alonso,14300000.0
Nemanja Matic,13200000.0
Illan Meslier,13200000.0
Lys Mousset,13200000.0
Ryan Fraser,13200000.0
Luka Milivojevic,13200000.0
Rob Holding,13200000.0
Neco Williams,11000000.0
Ethan Ampadu,11000000.0
Jesse Lingard,11000000.0
Karlan Grant,11000000.0
Conor Gallagher,11000000.0
Joe Rodon,11000000.0
Trezeguet,11000000.0
Jack Harrison,9900000.0
Vladimir Coufal,8800000.0
Fabian Delph,8800000.0
Oliver Norwood,7700000.0
Cenk Tosun,7700000.0
Jonjoe Kenny,7700000.0
Danny Rose,6600000.0
Jean Michaël Seri,5500000.0
Mesut Özil,5500000.0
Rhys Williams,5500000.0
Frédéric Guilbert,5500000.0
Tosin Adarabioyo,5500000.0
Antonee Robinson,5500000.0
Kortney Hause,4950000.0
Max Kilman,4950000.0
Nathaniel Clyne,4400000.0
Ezgjan Alioski,4400000.0
Odion Ighalo,4400000.0
Cédric Soares,4400000.0
James McArthur,3850000.0
Karl Darlow,3300000.0
Pascal Struijk,2750000.0
Dara O'Shea,2750000.0
Luke Thomas,2750000.0
Stefan Johansen,2200000.0
Adrián,2200000.0
Caoimhin Kelleher,2200000.0
Nathaniel Phillips,1980000.0
Jacob Ramsey,1650000.0
Ian Poveda,1650000.0
Owen Otasowie,1650000.0
Kamil Grosicki,1650000.0
Dan N'Lundulu,880000.0
Leif Davis,440000.0
Renat Dadashov,330000.0
Gaetano Berardi,330000.0
Karlo Ziger,165000.0
Percy Tau,4400000.0
Saïd Benrahma,24200000.0
Terence Kongolo,7150000.0
Morgan Gibbs-White,6600000.0
Jack Butland,3850000.0
Sadio Mané,132000000.0
Kevin De Bruyne,132000000.0
Mohamed Salah,132000000.0
Harry Kane,132000000.0
Trent Alexander-Arnold,121000000.0
Kai Havertz,89100000.0
Virgil van Dijk,88000000.0
Marcus Rashford,88000000.0
Alisson,88000000.0
Andrew Robertson,82500000.0
Roberto Firmino,79200000.0
Timo Werner,77000000.0
Rodri,70400000.0
Richarlison,66000000.0
Fabinho,66000000.0
Aymeric Laporte,66000000.0
Christian Pulisic,66000000.0
Phil Foden,66000000.0
Gabriel Jesus,66000000.0
Ederson,61600000.0
James Maddison,60500000.0
Declan Rice,60500000.0
Wilfried Zaha,55000000.0
Mason Greenwood,55000000.0
Ben Chilwell,55000000.0
Rúben Neves,55000000.0
Jorginho,55000000.0
Thomas Partey,55000000.0
Thiago,52800000.0
Riyad Mahrez,52800000.0
Wilfred Ndidi,49500000.0
Mason Mount,49500000.0
Mateo Kovacic,49500000.0
Nicolas Pépé,44000000.0
Kyle Walker,44000000.0
Nathan Aké,44000000.0
Ilkay Gündogan,44000000.0
Joe Gomez,44000000.0
Naby Keïta,44000000.0
Raúl Jiménez,44000000.0
Aaron Wan-Bissaka,44000000.0
Adama Traoré,44000000.0
Bukayo Saka,44000000.0
Tammy Abraham,44000000.0
Georginio Wijnaldum,44000000.0
Caglar Söyüncü,44000000.0
Diogo Jota,44000000.0
João Cancelo,39600000.0
Giovani Lo Celso,38500000.0
Nélson Semedo,38500000.0
Callum Hudson-Odoi,38500000.0
James Rodríguez,38500000.0
Joel Matip,35200000.0
Ricardo Pereira,35200000.0
Bernd Leno,35200000.0
Allan Saint-Maximin,35200000.0
Dani Ceballos,35200000.0
Ollie Watkins,33000000.0
James Tarkowski,30800000.0
Michael Keane,30800000.0
Steven Bergwijn,30800000.0
Jarrod Bowen,30800000.0
Benjamin Mendy,30800000.0
Gabriel,30800000.0
Harvey Barnes,30800000.0
Jordan Henderson,30800000.0
Sergio Reguilón,30800000.0
Douglas Luiz,29700000.0
Lewis Dunk,29700000.0
Tyrone Mings,29700000.0
Jordan Pickford,28600000.0
Alex Iwobi,28050000.0
Dwight McNeil,27500000.0
Abdoulaye Doucouré,27500000.0
Fábio Silva,27500000.0
Ben Godfrey,27500000.0
John Stones,27500000.0
Gabriel Martinelli,27500000.0
Allan,27500000.0
Conor Coady,27500000.0
Lucas Moura,27500000.0
Timothy Castagne,26400000.0
Victor Lindelöf,26400000.0
Alex Oxlade-Chamberlain,26400000.0
Andreas Christensen,26400000.0
Ruben Loftus-Cheek,26400000.0
Cengiz Ünder,25300000.0
Callum Wilson,24750000.0
Aleksandar Mitrovic,24200000.0
Luke Shaw,24200000.0
Neal Maupay,24200000.0
Dennis Praet,24200000.0
Ross Barkley,23650000.0
Ayoze Pérez,22000000.0
Oleksandr Zinchenko,22000000.0
Matt Doherty,22000000.0
Rayan Aït Nouri,22000000.0
Eric García,22000000.0
Carlos Vinícius,22000000.0
Dean Henderson,22000000.0
Diego Llorente,22000000.0
Yerry Mina,22000000.0
Wesley,22000000.0
Joelinton,22000000.0
Jean-Philippe Gbamin,22000000.0
André Zambo Anguissa,22000000.0
Toby Alderweireld,22000000.0
Danny Ings,22000000.0
Eddie Nketiah,22000000.0
Gylfi Sigurdsson,19800000.0
Raphinha,19800000.0
Ainsley Maitland-Niles,19800000.0
Eberechi Eze,19800000.0
Moussa Sissoko,19800000.0
Sander Berge,19800000.0
Mason Holgate,19800000.0
Tariq Lamptey,19800000.0
Nathan Redmond,19800000.0
Pablo Fornals,19800000.0
Ben Davies,19250000.0
Sean Longstaff,19250000.0
Eric Bailly,19250000.0
Robin Koch,18700000.0
Willy Boly,17600000.0
Divock Origi,17600000.0
Miguel Almirón,17600000.0
Aaron Ramsdale,17600000.0
Xherdan Shaqiri,17600000.0
Erik Lamela,17600000.0
Jamie Vardy,17600000.0
Jonny Otto,17600000.0
Joe Willock,17600000.0
Daniel James,17600000.0
Tom Davies,17600000.0
Leandro Trossard,16500000.0
Oliver McBurnie,16500000.0
Bernard,16500000.0
Adam Webster,16500000.0
Jamal Lewis,16500000.0
Ibrahima Diallo,16500000.0
Rhian Brewster,16500000.0
Kelechi Iheanacho,16500000.0
Jamaal Lascelles,15950000.0
Calum Chambers,15950000.0
Jonjo Shelvey,15950000.0
Manuel Lanzini,15400000.0
Rui Patrício,15400000.0
Gedson Fernandes,14850000.0
Alphonse Areola,14300000.0
Yves Bissouma,14300000.0
Matheus Pereira,14300000.0
Joachim Andersen,14300000.0
Bertrand Traoré,14300000.0
Moussa Djenepo,14300000.0
John Egan,14300000.0
Fabian Schär,14300000.0
Reiss Nelson,13750000.0
Grady Diangana,13200000.0
Chris Wood,13200000.0
Shkodran Mustafi,13200000.0
Edinson Cavani,13200000.0
Hugo Lloris,13200000.0
Michail Antonio,13200000.0
Nick Pope,13200000.0
Demarai Gray,13200000.0
Matty Cash,13200000.0
Ezri Konsa,13200000.0
Mohammed Salisu,13200000.0
Hélder Costa,13200000.0
Michy Batshuayi,13200000.0
Alexis Mac Allister,12100000.0
Brandon Williams,12100000.0
Matt Targett,11550000.0
Ryan Bertrand,11550000.0
Takumi Minamino,11000000.0
Mario Lemina,11000000.0
Jordan Ayew,11000000.0
Ademola Lookman,11000000.0
Jonny Evans,11000000.0
Jeffrey Schlupp,11000000.0
Theo Walcott,11000000.0
Romain Saïss,11000000.0
Davy Pröpper,11000000.0
Isaac Hayden,11000000.0
Mamadou Sakho,10450000.0
Andros Townsend,10450000.0
Seamus Coleman,10450000.0
Jack O'Connell,10450000.0
Matt Ritchie,10450000.0
Christian Benteke,9900000.0
Solly March,9900000.0
Tom Cairney,9900000.0
Harrison Reed,9900000.0
Jeff Hendrick,9900000.0
Konstantinos Tsimikas,9900000.0
Ivan Cavaleiro,8800000.0
Nampalys Mendy,8800000.0
Marvelous Nakamba,8800000.0
Patrick van Aanholt,8800000.0
Callum Robinson,8800000.0
John Fleck,8800000.0
Anwar El Ghazi,8800000.0
John Lundstram,8800000.0
Kasper Schmeichel,8800000.0
Fabián Balbuena,8800000.0
Oriol Romeu,8800000.0
Adam Lallana,8800000.0
Bobby Reid,8800000.0
Mathew Ryan,8800000.0
Axel Tuanzebe,8800000.0
Japhet Tanganga,8800000.0
Dwight Gayle,8800000.0
Cheikhou Kouyaté,8800000.0
Hamza Choudhury,8800000.0
Jack Cork,8800000.0
Ben Mee,8800000.0
Andriy Yarmolenko,8250000.0
Martin Dubravka,8250000.0
Arthur Masuaku,8250000.0
Billy Gilmour,8250000.0
Juan Mata,8250000.0
Facundo Pellistri,7700000.0
Aaron Connolly,7700000.0
Ola Aina,7700000.0
Liam Cooper,7700000.0
Pascal Groß,7700000.0
Mohamed Elneny,7700000.0
Ki-Jana Hoever,7700000.0
Steven Alzate,7700000.0
Pablo Marí,7700000.0
Jóhann Berg Gudmundsson,7150000.0
Filip Krovinovic,7150000.0
Alex McCarthy,7150000.0
Ashley Barnes,7150000.0
Stuart Armstrong,7150000.0
José Izquierdo,7150000.0
George Baldock,7150000.0
Björn Engels,7150000.0
Danny Ward,7150000.0
Aaron Cresswell,7150000.0
Sam Johnstone,7150000.0
Jayden Bogle,6930000.0
Yan Valery,6930000.0
Phil Jones,6600000.0
Josh Onomah,6600000.0
Marcos Rojo,6600000.0
David Luiz,6600000.0
Marek Rodak,6600000.0
Zack Steffen,6600000.0
Michael Hector,6600000.0
Jay Rodríguez,6600000.0
Ashley Westwood,6050000.0
Jack Stephens,6050000.0
Matt Phillips,6050000.0
Josh Brownhill,6050000.0
Oliver Burke,6050000.0
Joe Bryan,6050000.0
Enda Stevens,6050000.0
Jake Livermore,6050000.0
Kenny Tete,6050000.0
João Moutinho,5500000.0
Joël Veltman,5500000.0
DeAndre Yedlin,5500000.0
James Milner,5500000.0
Semi Ajayi,5500000.0
Vitinha,5500000.0
Robin Olsen,5500000.0
Anthony Gordon,5500000.0
Angelo Ogbonna,5500000.0
Matthew Longstaff,5500000.0
Olivier Giroud,5500000.0
Alireza Jahanbakhsh,5500000.0
Dan Burn,5500000.0
Marc Albrighton,5500000.0
Tyrick Mitchell,5500000.0
Ciaran Clark,5280000.0
Dale Stephens,5280000.0
Robbie Brady,5280000.0
Paul Dummett,4950000.0
James McCarthy,4950000.0
Mark Noble,4950000.0
Michael Obafemi,4950000.0
Jairo Riedewald,4950000.0
Thiago Silva,4950000.0
Fraser Forster,4950000.0
Federico Fernández,4950000.0
Ben Woodburn,4950000.0
Craig Dawson,4400000.0
Ryan Fredericks,4400000.0
Fernandinho,4400000.0
Paulo Gazzaniga,4400000.0
Nathan Ferguson,4400000.0
Christian Atsu,4400000.0
Matthew Lowton,4400000.0
Matej Vydra,4400000.0
Charlie Taylor,4400000.0
Emil Krafth,4400000.0
Javier Manquillo,4400000.0
Vicente Guaita,4400000.0
Robert Snodgrass,4400000.0
James Tomkins,4400000.0
Tyler Roberts,3960000.0
Luke Ayling,3850000.0
Philippe Sandler,3850000.0
Tom Heaton,3850000.0
Mateusz Klich,3850000.0
Kenneth Zohore,3850000.0
Jacob Murphy,3850000.0
Yannick Bolasie,3850000.0
Daniel Amartey,3850000.0
Max Lowe,3850000.0
Romaine Sawyers,3520000.0
Joel Ward,3520000.0
Kieran Gibbs,3520000.0
Darnell Furlong,3520000.0
Andy Carroll,3520000.0
Adam Forshaw,3520000.0
Jonas Lössl,3300000.0
Chris Basham,3300000.0
Erik Pieters,3300000.0
Stuart Dallas,3300000.0
Will Smallbone,3300000.0
Niels Nkounkou,3300000.0
Martin Kelly,3080000.0
Florin Andone,3080000.0
Kyle Bartley,3080000.0
Shane Long,3080000.0
Scott Dann,3080000.0
Neil Taylor,3080000.0
Emile Smith Rowe,2970000.0
Lukasz Fabianski,2750000.0
Gary Cahill,2750000.0
Abdul Rahman Baba,2640000.0
Marçal,2640000.0
Joe Hart,2640000.0
Hal Robson-Kanu,2640000.0
Keinan Davis,2530000.0
Rekeem Harper,2530000.0
Jamie Shackleton,2530000.0
Darren Randolph,2420000.0
Ben Osborn,2200000.0
Wayne Hennessey,2200000.0
Kevin McDonald,2200000.0
Jack Robinson,2200000.0
Ben Johnson,2200000.0
Sergio Romero,2200000.0
Ahmed Elmohamady,2200000.0
Rúnar Alex Rúnarsson,2200000.0
Aboubakar Kamara,2200000.0
David McGoldrick,2200000.0
Sepp van den Berg,1980000.0
Kevin Long,1760000.0
Christian Fuchs,1760000.0
Denis Odoi,1760000.0
Maxime Le Marchand,1760000.0
Roderick Miranda,1650000.0
John Ruddy,1650000.0
Kiko Casilla,1650000.0
Andi Zeqiri,1650000.0
Joe Gelhardt,1430000.0
Beni Baningime,1430000.0
Kyle Edwards,1430000.0
Neeskens Kebano,1320000.0
David Button,1320000.0
Henri Lansbury,1320000.0
Jed Steer,1320000.0
Connor Wickham,1320000.0
Bailey Peacock-Farrell,1320000.0
Fabri,1320000.0
Tim Ream,1320000.0
Pablo Hernández,1320000.0
Cédric Kipré,1320000.0
Jack Rodwell,1320000.0
Sam Field,1100000.0
Charly Musonda Jr.,1100000.0
Branislav Ivanovic,1100000.0
Billy Sharp,1100000.0
Luke Matheson,990000.0
Wes Morgan,880000.0
Phil Bardsley,880000.0
Henri Saivet,880000.0
Conor Townsend,880000.0
Scott Carson,880000.0
Sam McQueen,880000.0
Lee Peltier,880000.0
Jay-Roy Grot,880000.0
Michael Verrips,880000.0
Christian Walton,880000.0
Nathan Tella,825000.0
Alfie Whiteman,825000.0
Jason Steele,660000.0
Eldin Jakupovic,660000.0
Willy Caballero,550000.0
João Virgínia,550000.0
Simon Moore,440000.0
Stephen Henderson,440000.0
Wes Foderingham,440000.0
Mark Gillespie,440000.0
Achraf Lazaar,385000.0
Lee Grant,385000.0
Ouasim Bouy,358000.0
Kean Bryan,275000.0
Oliver Casey,275000.0
Jake Vokins,275000.0
Conor Shaughnessy,275000.0
Will Norris,275000.0
David Martin,275000.0
Jimmy Dunne,220000.0
Harry Lewis,220000.0
Mace Goodridge,220000.0
Bobby Thomas,220000.0
Robert Sánchez,165000.0
Elia Caprile,110000.0
Sam Woods,83000.0
Lukas Jensen,28000.0
Jean-Philippe Mateta,16500000.0
Andy Lonergan,275000.0
Javi Navarro,220000.0
Óscar Mingueza,5500000.0
Konrad de la Fuente,2750000.0
Iñaki Peña,2750000.0
Gabriel Veiga,1100000.0
Edgar Sevikyan,770000.0
Pepe Sánchez,110000.0
Moussa Dembélé,33000000.0
João Félix,110000000.0
Jan Oblak,99000000.0
Lionel Messi,88000000.0
Ansu Fati,88000000.0
Thibaut Courtois,82500000.0
Marc-André ter Stegen,82500000.0
Raphaël Varane,77000000.0
Federico Valverde,77000000.0
Mikel Oyarzabal,77000000.0
Casemiro,77000000.0
Frenkie de Jong,71500000.0
José María Giménez,71500000.0
Saúl Ñíguez,66000000.0
Koke,66000000.0
Antoine Griezmann,66000000.0
Ousmane Dembélé,55000000.0
Pedri,55000000.0
Jules Koundé,55000000.0
Marcos Llorente,55000000.0
Pau Torres,55000000.0
Eden Hazard,55000000.0
Philippe Coutinho,55000000.0
Diego Carlos,55000000.0
Toni Kroos,55000000.0
Lucas Ocampos,49500000.0
Rodrygo,49500000.0
Renan Lodi,44000000.0
Miralem Pjanic,44000000.0
Ángel Correa,44000000.0
Vinícius Júnior,44000000.0
Mikel Merino,44000000.0
Clément Lenglet,44000000.0
Ferland Mendy,44000000.0
Daniel Carvajal,44000000.0
Martin Ødegaard,44000000.0
Carlos Soler,38500000.0
Marco Asensio,38500000.0
José Gayà,38500000.0
Maxi Gómez,35200000.0
Yannick Carrasco,33000000.0
Mario Hermoso,33000000.0
Unai Simón,33000000.0
Gerard Moreno,33000000.0
Éder Militão,33000000.0
Lucas Torreira,30800000.0
Iñaki Williams,27500000.0
Joan Jordán,27500000.0
Jordi Alba,27500000.0
Sergiño Dest,27500000.0
Iñigo Martínez,27500000.0
Paco Alcácer,27500000.0
Stefan Savic,27500000.0
Djené,27500000.0
Nabil Fekir,27500000.0
Trincão,27500000.0
Sergi Roberto,27500000.0
Karim Benzema,27500000.0
Alexander Isak,24200000.0
José Campaña,24200000.0
William Carvalho,22000000.0
Felipe,22000000.0
Mauro Arambarri,22000000.0
Portu,22000000.0
Thomas Lemar,22000000.0
Takefusa Kubo,22000000.0
Kieran Trippier,22000000.0
Marc Cucurella,22000000.0
Samu Chukwueze,22000000.0
Sergio Canales,22000000.0
Robin Le Normand,22000000.0
Igor Zubeldia,22000000.0
Yeray Álvarez,22000000.0
Álex Remiro,22000000.0
Unai Núñez,22000000.0
Ronald Araújo,22000000.0
Willian José,22000000.0
Isco,22000000.0
Riqui Puig,19800000.0
Nemanja Maksimovic,19800000.0
Enis Bardhi,19800000.0
Suso,18700000.0
Yuri Berchiche,17600000.0
Kang-in Lee,16500000.0
Martín Zubimendi,16500000.0
Bono,16500000.0
Yangel Herrera,16500000.0
Aritz Elustondo,16500000.0
Guido Rodríguez,16500000.0
Ander Barrenetxea,16500000.0
Gonçalo Guedes,16500000.0
Luis Suárez,16500000.0
Youssef En-Nesyri,16500000.0
Lucas Vázquez,16500000.0
Carles Aleñá,16500000.0
Geoffrey Kondogbia,16500000.0
Gabriel Paulista,16500000.0
Bryan Gil,16500000.0
Sergio Ramos,15400000.0
Pervis Estupiñán,15400000.0
Iker Muniain,15400000.0
Fernando Pacheco,15400000.0
Marcos Acuña,15400000.0
Óliver Torres,14300000.0
Óscar Rodríguez,13200000.0
Domingos Duarte,13200000.0
Luuk de Jong,13200000.0
Santi Mina,13200000.0
Gerard Piqué,13200000.0
Brais Méndez,13200000.0
Cucho Hernández,13200000.0
Loren Morón,13200000.0
Fran Beltrán,13200000.0
Manu Trigueros,12100000.0
Denis Suárez,11000000.0
Adnan Januzaj,11000000.0
Sergio Asenjo,11000000.0
Samuel Umtiti,11000000.0
Yunus Musah,11000000.0
Munir El Haddadi,11000000.0
Ivan Rakitic,11000000.0
Uros Racic,11000000.0
Andoni Gorosabel,11000000.0
Sergio Busquets,11000000.0
Mariano Díaz,11000000.0
Rui Silva,11000000.0
Marcelo,11000000.0
Marc Bartra,11000000.0
Mouctar Diakhaby,11000000.0
Nacho Fernández,11000000.0
Neto,11000000.0
Álvaro Odriozola,11000000.0
Marko Dmitrovic,11000000.0
Luka Modric,11000000.0
Juan Foyth,11000000.0
Chimy Ávila,11000000.0
Júnior Firpo,11000000.0
Dani Parejo,11000000.0
Alfonso Pedraza,11000000.0
Álex Berenguer,11000000.0
Rubén García,11000000.0
Darwin Machís,11000000.0
Iago Aspas,11000000.0
Unai López,11000000.0
Renato Tapia,11000000.0
Martin Braithwaite,9900000.0
Carlos Fernández,9900000.0
David Soria,9900000.0
Oussama Idrissi,9900000.0
Álex Moreno,9900000.0
Héctor Herrera,8800000.0
Moi Gómez,8800000.0
Tomas Vaclík,8800000.0
Roberto López,8800000.0
Roger Martí,8800000.0
Sime Vrsaljko,8800000.0
Aitor Fernández,8800000.0
Rúben Vezo,8800000.0
Aïssa Mandi,8800000.0
Kenedy,8800000.0
Mathí­as Olivera,8800000.0
Vitolo,8800000.0
Cristian Tello,8250000.0
Hugo Guillamón,8250000.0
Daniel Wass,8250000.0
David García,8250000.0
Diego Lainez,8250000.0
Ivo Grbic,7700000.0
Ante Budimir,7700000.0
Rubén Blanco,7700000.0
Enes Ünal,7700000.0
Néstor Araújo,7700000.0
Ander Capa,7700000.0
Borja Iglesias,7700000.0
Joseba Zaldua,7700000.0
Álex Fernández,7700000.0
Asier Illarramendi,7700000.0
Joseph Aidoo,7700000.0
Manu Vallejo,7700000.0
Jota,7150000.0
Antonio Sanabria,7150000.0
Shon Weissman,6600000.0
Nemanja Gudelj,6600000.0
Rubén Alcaraz,6600000.0
Roberto Torres,6600000.0
Lucas Olaza,6600000.0
Lucas Pérez,6600000.0
Jasper Cillessen,6600000.0
Francis Coquelin,6600000.0
Javi Ontiveros,6600000.0
Manu Sánchez,6600000.0
Jeison Murillo,6600000.0
Jaume Doménech,6600000.0
Aihen Muñoz,6600000.0
Ander Guevara,6600000.0
Mario Gaspar,6600000.0
Rafa Mir,6050000.0
Luis Milla,5500000.0
David Silva,5500000.0
Juan Miranda,5500000.0
Carlos Neva,5500000.0
Franco Vázquez,5500000.0
Yeremy Santos,5500000.0
Jaime Mata,5500000.0
José Luis Morales,5500000.0
Alejandro Pozo,5500000.0
Hugo Mallo,5500000.0
Jesús Vallejo,5500000.0
Jonathan Calleri,5500000.0
Víctor Laguardia,5500000.0
Antonio Puertas,5500000.0
Gonzalo Melero,5500000.0
Santiago Cáseres,5280000.0
Rubén Duarte,4950000.0
Raúl Guti,4950000.0
Nehuén Pérez,4950000.0
Florian Lejeune,4620000.0
Okay Yokuslu,4400000.0
Jony,4400000.0
Jorge de Frutos,4400000.0
Fernando Reges,4400000.0
Sidnei,4400000.0
Paulo Oliveira,4400000.0
Joselu,4400000.0
Sergi Guardiola,4400000.0
Rubén Peña,4400000.0
Eliaquim Mangala,4400000.0
Edu Expósito,4400000.0
Ángel Rodríguez,4400000.0
Rodrigo Battaglia,4400000.0
Joel Robles,4400000.0
Gero Rulli,4400000.0
Dani García,4400000.0
Denis Cheryshev,4400000.0
Marcos André,4400000.0
Oihan Sancet,3850000.0
Kévin Gameiro,3850000.0
Dani Martín,3850000.0
Vicente Iborra,3850000.0
Karim Rekik,3850000.0
Idrissa Doumbia,3850000.0
Sergi Gómez,3850000.0
Javi Galán,3850000.0
Kévin Rodrigues,3850000.0
Rubén Rochina,3850000.0
Fede San Emeterio,3850000.0
Martín Montoya,3850000.0
Asier Villalibre,3850000.0
Deyverson,3850000.0
Peru Nolaskoain,3850000.0
Raúl García,3850000.0
Víctor Mollejo,3850000.0
Emiliano Rigoni,3520000.0
Martín Aguirregabiria,3520000.0
Maxime Gonalons,3300000.0
Jesús Navas,3300000.0
Esteban Burgos,3300000.0
Toni Lato,3300000.0
Pablo Maffeo,3300000.0
Alberto Moreno,3300000.0
Fer Niño,3300000.0
Ante Palaversa,3300000.0
Iván Marcone,3300000.0
Modibo Sagnan,3300000.0
Jon Moncayola,3300000.0
Roque Mesa,3300000.0
Andriy Lunin,3300000.0
Joaquín Fernández,3300000.0
Nemanja Radoja,3300000.0
Sergio Escudero,3300000.0
Aridane Hernández,3300000.0
Jeremías Ledesma,3300000.0
Álvaro Fernández,3300000.0
Óscar Plano,3300000.0
Aarón Martín,3300000.0
Ramiro Funes Mori,3300000.0
Dimitri Foulquier,3300000.0
Yoshinori Muto,3080000.0
Dimitrios Siovas,3080000.0
Salvi Sánchez,3080000.0
Mickaël Malsa,3080000.0
Jordi Masip,3080000.0
Erick Cabaco,3080000.0
Javi Sánchez,3080000.0
Sandro Ramírez,3080000.0
Pere Pons,3080000.0
Joris Gnagnon,2750000.0
Álvaro Giménez,2750000.0
Jason,2750000.0
Guido Carrillo,2750000.0
Víctor Ruiz,2750000.0
Jon Morcillo,2750000.0
Nikola Vukcevic,2750000.0
Allan Nyom,2750000.0
Iñigo Córdoba,2750000.0
Juan Cruz,2750000.0
Sergio Gómez,2750000.0
Borja Sainz,2750000.0
Juanmi,2750000.0
Juan Sánchez Miño,2750000.0
Miguel Baeza,2750000.0
Rodrigo Ely,2750000.0
Óscar de Marcos,2750000.0
Raúl Albiol,2750000.0
Thierry Correia,2750000.0
Choco Lozano,2750000.0
Toni Villa,2750000.0
Jorge Miramón,2420000.0
Étienne Capoue,2200000.0
Jota Peleteiro,2200000.0
Luis Rioja,2200000.0
Ramon Azeez,2200000.0
Edgar Méndez,2200000.0
Aitor Ruibal,2200000.0
Youssouf Koné,2200000.0
José Ángel,2200000.0
Martín Merquelanz,2200000.0
Carlos Clerc,2200000.0
Aleix Vidal,2200000.0
Sergi Enrich,2200000.0
Nacho Vidal,2200000.0
Ximo Navarro,2200000.0
Alfonso Espino,2200000.0
Matheus Fernandes,2200000.0
Mikel Vesga,2200000.0
Takashi Inui,2200000.0
Kike García,2200000.0
Damián Suárez,2200000.0
Yan Eteki,2200000.0
Nacho Monreal,2200000.0
Jorge Pulido,2200000.0
Álex Baena,2200000.0
Rubén Yáñez,2200000.0
Alberto Soro,2200000.0
Jaume Costa,2200000.0
Unai Vencedor,1980000.0
Lucas Torró,1980000.0
Andrés Guardado,1980000.0
Sergio Herrera,1980000.0
Iago Herrerín,1980000.0
Lucas Boyé,1980000.0
Jens Jönsson,1980000.0
Iza Carcelén,1980000.0
Nacho Martínez,1980000.0
Carlos Bacca,1980000.0
Darko Brasanac,1980000.0
Víctor Camarasa,1980000.0
Rafa Soares,1980000.0
Jon Guridi,1980000.0
Pedro Bigas,1980000.0
Fidel,1650000.0
Ibai Gómez,1650000.0
Luca Sangalli,1650000.0
Jorge Molina,1650000.0
Joaquín,1650000.0
Dani Gómez,1650000.0
Rubén Sobrino,1650000.0
Recio,1650000.0
Borja García,1650000.0
Edgar Badia,1650000.0
Tete Morente,1650000.0
Sergio León,1650000.0
Paul Akouokou,1650000.0
Fabián Orellana,1650000.0
David Timor,1650000.0
Sergio Álvarez,1650000.0
Pablo Hervías,1650000.0
Saidy Janko,1650000.0
Francisco Portillo,1650000.0
Nolito,1650000.0
Iñigo Lekue,1650000.0
Ángel Montoro,1320000.0
David Costas,1320000.0
Sergio Postigo,1320000.0
Anaitz Arbilla,1320000.0
Mikel Balenziaga,1320000.0
Míchel Herrero,1320000.0
Adrián López,1320000.0
Gastón Silva,1320000.0
Rober Pier,1320000.0
Fali,1320000.0
John Guidetti,1320000.0
Enric Gallego,1320000.0
Jeison Lucumí,1320000.0
Tomás Pina,1320000.0
Roberto Soldado,1320000.0
Shinji Okazaki,1320000.0
Ivan Saponjic,1320000.0
Álvaro Negredo,1320000.0
Jon Bautista,1320000.0
Waldo Rubio,1320000.0
Juan Cala,1320000.0
Iván Alejo,1320000.0
Jorge Pombo,1320000.0
Jawad El Yamiq,1320000.0
Bruno González,1100000.0
Unai García,1100000.0
Pablo Insua,1100000.0
Aarón Escandell,1100000.0
Iván Villar,1100000.0
David Ferreiro,1100000.0
Víctor Díaz,1100000.0
Juan Carlos Real,1100000.0
Marcos Mauro,1100000.0
Jorge Sáenz,1100000.0
Yann Bodiger,1100000.0
Emre Mor,1100000.0
Kike Barja,1100000.0
Josema,1100000.0
Claudio Bravo,1100000.0
Pedro León,1100000.0
Kenan Kodro,1100000.0
Dani Calvo,1100000.0
Alberto Perea,1100000.0
Filip Malbašić,1100000.0
Chema,1100000.0
Pere Milla,1100000.0
Fede Vico,1100000.0
Iñigo Vicente,1100000.0
Xabi Etxeita,1100000.0
Eugeni Valderrama,1100000.0
Adrián Marín,1100000.0
Álex Blanco,1100000.0
Miguel Ángel Moyá,1100000.0
Facundo Roncaglia,1100000.0
Kiko Olivas,1100000.0
Diego González,990000.0
Roberto Correa,990000.0
Dani Raba,990000.0
Luis Pérez,990000.0
Yoel Rodríguez,990000.0
Antonio Sivera,990000.0
Víctor Rodríguez,880000.0
Jairo Izquierdo,880000.0
Antonio Barragán,880000.0
Miguel Rodríguez,880000.0
Toño,880000.0
Jaime Seoane,880000.0
Coke,880000.0
Josan,880000.0
Burgui,880000.0
Quique González,880000.0
Germán Sánchez,880000.0
Pape Diop,880000.0
Soufiane Chakla,880000.0
Carlos Akapo,880000.0
Raúl Carnero,880000.0
Bobby Adekanye,880000.0
Omenuke Mfulu,880000.0
Kevin Vázquez,880000.0
Son,880000.0
Tachi,880000.0
Dani Escriche,880000.0
Miguel Cifuentes,880000.0
Gonzalo Verdú,880000.0
Kike Pérez,880000.0
Manu García,880000.0
Pedro Mosquera,770000.0
Koke Vegas,770000.0
David Juncà,770000.0
Óscar Duarte,770000.0
Oier,770000.0
Raúl Navas,770000.0
Roberto,770000.0
Kelechi Nwakali,770000.0
Andrés Fernández,660000.0
Dani Cárdenas,660000.0
Pedro Alcalá,660000.0
Jon Ander Garrido,660000.0
Javi López,660000.0
Iñigo Pérez,660000.0
Cheick Doukouré,550000.0
Rubén Martínez,550000.0
José Mari,550000.0
Luismi,550000.0
Nano Mesa,550000.0
Neyder Lozano,440000.0
Quini,440000.0
Javi Díaz,440000.0
Juan Pérez,440000.0
David Gil,440000.0
Darío Poveda,440000.0
Alex Sola,440000.0
Antonio Valera,330000.0
Luismi Quezada,330000.0
Damián Musto,330000.0
Diego Rodríguez,330000.0
Augusto Fernández,330000.0
Mikel Rico,330000.0
Jokin Ezkieta,330000.0
Cristian Rivero,220000.0
Luisinho,220000.0
Pedro López,110000.0
Nino,110000.0
Johan Mojica,2750000.0
Aleix García,2200000.0
Moussa Wagué,6600000.0
Kevin Strootman,5500000.0
Joakim Maehle,12100000.0
Romelu Lukaku,99000000.0
Matthijs de Ligt,82500000.0
Sergej Milinkovic-Savic,77000000.0
Paulo Dybala,77000000.0
Lautaro Martínez,77000000.0
Kalidou Koulibaly,66000000.0
Cristiano Ronaldo,66000000.0
Gianluigi Donnarumma,66000000.0
Stefan de Vrij,60500000.0
Nicolò Barella,60500000.0
Arthur,55000000.0
Luis Alberto,55000000.0
Victor Osimhen,55000000.0
Achraf Hakimi,55000000.0
Milan Skriniar,55000000.0
Theo Hernández,55000000.0
Alessandro Bastoni,55000000.0
Álvaro Morata,55000000.0
Lorenzo Insigne,52800000.0
Fabián Ruiz,52800000.0
Federico Chiesa,52800000.0
Rodrigo Bentancur,50600000.0
Dejan Kulusevski,49500000.0
Ciro Immobile,49500000.0
Nicolò Zaniolo,49500000.0
Andrea Belotti,44000000.0
Franck Kessié,44000000.0
Ismaël Bennacer,44000000.0
Piotr Zielinski,44000000.0
Duván Zapata,41800000.0
Hirving Lozano,41800000.0
Lorenzo Pellegrini,40700000.0
Marcelo Brozovic,39600000.0
Alessio Romagnoli,39600000.0
Rodrigo de Paul,38500000.0
Hakan Calhanoglu,38500000.0
Christian Eriksen,38500000.0
Wojciech Szczesny,38500000.0
Manuel Locatelli,38500000.0
Ante Rebic,35200000.0
Konstantinos Manolas,35200000.0
Adrien Rabiot,35200000.0
Sandro Tonali,35200000.0
Jordan Veretout,33000000.0
Merih Demiral,33000000.0
Domenico Berardi,33000000.0
Joaquín Correa,33000000.0
Tiemoué Bakayoko,33000000.0
Nikola Milenkovic,30800000.0
Rafael Leão,30800000.0
Robin Gosens,30800000.0
Alex Sandro,30800000.0
Marash Kumbulla,29700000.0
Gaetano Castrovilli,27500000.0
Nahitan Nández,27500000.0
Mario Pasalic,27500000.0
Weston McKennie,27500000.0
Jérémie Boga,27500000.0
Gianluca Mancini,27500000.0
Matteo Politano,27500000.0
Leonardo Spinazzola,25300000.0
Remo Freuler,25300000.0
Marten de Roon,25300000.0
Luiz Felipe,24200000.0
Riccardo Orsolini,24200000.0
Giovanni Di Lorenzo,24200000.0
Luis Muriel,24200000.0
Ruslan Malinovskyi,23100000.0
Thomas Strakosha,22000000.0
Alessio Cragno,22000000.0
Federico Bernardeschi,22000000.0
Roger Ibañez,22000000.0
Aaron Ramsey,22000000.0
Henrikh Mkhitaryan,22000000.0
Alex Meret,22000000.0
Juan Musso,22000000.0
Berat Djimsiti,19800000.0
Bryan Cristante,19800000.0
Juan Cuadrado,19800000.0
Takehiro Tomiyasu,19800000.0
Amadou Diawara,19800000.0
Musa Barrow,19800000.0
Manuel Lazzari,19800000.0
Davide Calabria,19800000.0
Sofyan Amrabat,19800000.0
Eljif Elmas,19800000.0
Alexis Saelemaekers,19800000.0
João Pedro,19800000.0
Aleksey Miranchuk,19800000.0
Stefano Sensi,19800000.0
Hans Hateboer,19800000.0
Danilo,18700000.0
Andrea Petagna,18700000.0
Vedat Muriqi,18700000.0
Chris Smalling,18700000.0
Pierluigi Gollini,18700000.0
Giovanni Simeone,18700000.0
Dusan Vlahovic,17600000.0
Cristian Romero,16500000.0
Rafael Tolói,16500000.0
Diego Demme,16500000.0
Papu Gómez,16500000.0
Matteo Pessina,16500000.0
Mattia Zaccagni,16500000.0
Nikola Maksimovic,16500000.0
Dries Mertens,16500000.0
Roberto Gagliardini,16500000.0
Bartlomiej Dragowski,16500000.0
Stanislav Lobotka,15400000.0
Elseid Hysaj,15400000.0
Hamed Junior Traorè,15400000.0
Mário Rui,15400000.0
Brahim Díaz,15400000.0
Christian Kouamé,15400000.0
Francesco Acerbi,14300000.0
Samu Castillejo,14300000.0
Germán Pezzella,14300000.0
Leonardo Bonucci,14300000.0
Erick Pulgar,13750000.0
Diogo Dalot,13200000.0
Alfred Duncan,13200000.0
Amir Rrahmani,13200000.0
Rolando Mandragora,13200000.0
Marko Rog,13200000.0
Andrea Pinamonti,13200000.0
Matías Vecino,13200000.0
Luca Pellegrini,13200000.0
Gerard Deulofeu,13200000.0
Marco Silvestri,11000000.0
Nicolás Domínguez,11000000.0
Emil Audero,11000000.0
Lucas Martínez Quarta,11000000.0
Filip Djuricic,11000000.0
Simone Verdi,11000000.0
Gonzalo Villar,11000000.0
Răzvan Marin,11000000.0
Jakub Jankto,11000000.0
Pau López,11000000.0
Roberto Pereyra,11000000.0
Jens Petter Hauge,11000000.0
Ivan Perisic,11000000.0
Simon Kjaer,11000000.0
Roberto Soriano,11000000.0
Andreas Pereira,11000000.0
José Luis Palomino,11000000.0
Roberto Inglese,11000000.0
Borja Mayoral,11000000.0
Alexis Sánchez,11000000.0
Armando Izzo,11000000.0
Maxime López,11000000.0
Josip Ilicic,11000000.0
Sebastian Walukiewicz,11000000.0
Gian Marco Ferrari,11000000.0
Eddie Salcedo,10450000.0
Cristiano Biraghi,10450000.0
Mert Müldür,10450000.0
Sam Lammers,9900000.0
Andreas Cornelius,9900000.0
Patric,9900000.0
Carles Pérez,9900000.0
Keita Baldé,9900000.0
Mattia Caldara,9900000.0
Antonin Barak,9900000.0
Matteo Gabbia,9900000.0
Manolo Gabbiadini,8800000.0
Wylan Cyprien,8800000.0
Gianluca Scamacca,8800000.0
Marco Benassi,8800000.0
Adam Ounas,8800000.0
Danilo D'Ambrosio,8800000.0
Karol Linetty,8800000.0
Mikkel Damsgaard,8800000.0
Edin Dzeko,8800000.0
Arturo Vidal,8800000.0
Grégoire Defrel,8250000.0
Kevin Lasagna,8250000.0
Francesco Caputo,8250000.0
Yann Karamoh,8250000.0
Pedro,8250000.0
Mattia Perin,7700000.0
Nicolas N'Koulou,7700000.0
Gabriele Zappa,7700000.0
Matteo Darmian,7700000.0
Federico Dimarco,7700000.0
Adam Marusic,7700000.0
Rogério,7700000.0
Kévin Malcuit,7700000.0
Gianluca Caprari,7700000.0
Jerdy Schouten,7700000.0
Matteo Lovato,7700000.0
Riccardo Sottil,7700000.0
Davide Zappacosta,7700000.0
Ionuț Radu,7700000.0
Andrea Conti,7700000.0
Kaan Ayhan,7700000.0
Eldor Shomurodov,7150000.0
Mohamed Fares,7150000.0
Mattias Svanberg,7150000.0
Marlon,7150000.0
Hernani,7150000.0
Andreas Skov Olsen,7150000.0
Radja Nainggolan,6600000.0
Rick Karsdorp,6600000.0
Giuseppe Pezzella,6600000.0
Davide Faraoni,6600000.0
Daniele Baselli,6600000.0
Bremer,6600000.0
Ronaldo Vieira,6600000.0
Valentin Mihăilă,6600000.0
Adrien Tamèze,6600000.0
Wesley Hoedt,6600000.0
Bartosz Bereszynski,6600000.0
Luigi Sepe,6600000.0
Rade Krunic,6600000.0
Wilfried Singo,6600000.0
Lyanco,6050000.0
Alberto Grassi,6050000.0
Zlatan Ibrahimovic,5500000.0
Vlad Chiricheș,5500000.0
Morten Thorsby,5500000.0
Maxime Busi,5500000.0
Kevin Rüegg,5500000.0
David Ospina,5500000.0
Rodrigo Becão,5500000.0
Felipe Caicedo,5500000.0
Gianluca Lapadula,5500000.0
Stefano Sturaro,5500000.0
Pedro Obiang,5500000.0
Marko Pjaca,5500000.0
Nicola Sansone,5500000.0
Tommaso Pobega,5500000.0
Jeremy Toljan,5500000.0
Sasa Lukic,5500000.0
Faouzi Ghoulam,5500000.0
Mërgim Vojvoda,5500000.0
Juan Brunetta,5500000.0
Soualiho Meïté,5500000.0
Darko Lazovic,5500000.0
Gastón Pereiro,5500000.0
Giacomo Bonaventura,5500000.0
Walace,5500000.0
Simon Sohm,5500000.0
Aaron Hickey,5500000.0
Samir,5500000.0
Ignacio Pussetto,5500000.0
Federico Bonazzoli,5500000.0
Lautaro Valenti,5280000.0
Amer Gojak,4950000.0
Gastón Ramírez,4950000.0
Omar Colley,4950000.0
Mateo Musacchio,4950000.0
Leonardo Pavoletti,4950000.0
Igor,4950000.0
Koray Günter,4950000.0
Emanuel Vignato,4950000.0
Nicola Murru,4620000.0
Lucas Leiva,4400000.0
Fabio Depaoli,4400000.0
Adrien Silva,4400000.0
Mert Cetin,4400000.0
M'Bala Nzola,4400000.0
José Callejón,4400000.0
Andrea Favilli,4400000.0
Nahuel Molina,4400000.0
Nicolò Rovella,4400000.0
Gervinho,4400000.0
Andrea Consigli,4400000.0
Simone Zaza,4400000.0
Ebrima Colley,4400000.0
Kevin Bonifazi,4400000.0
Lukasz Skorupski,4400000.0
Filippo Romagna,4400000.0
Giacomo Raspadori,4400000.0
Juraj Kucka,4400000.0
Yordan Osorio,4400000.0
Denis Vavro,4400000.0
Maya Yoshida,4179999.9999999995
Mitchell Dijks,4179999.9999999995
Julian Chabot,3850000.0
Lukas Lerager,3850000.0
Lorenzo Montipò,3850000.0
Valerio Verre,3850000.0
Jeroen Zoet,3850000.0
Jean-Victor Makengo,3850000.0
Bosko Sutalo,3850000.0
Giangiacomo Magnani,3850000.0
Kevin Agudelo,3850000.0
Iago Falque,3850000.0
Lisandro Magallán,3850000.0
Jean-Daniel Akpa Akpro,3850000.0
Lucien Agoume,3850000.0
Matteo Ricci,3850000.0
Paolo Ghiglione,3850000.0
Georgios Kyriakopoulos,3850000.0
Albin Ekdal,3520000.0
Sebastiano Luperto,3520000.0
Christian Oliva,3520000.0
Gonzalo Escalante,3520000.0
Mattia Bani,3520000.0
Junior Messias,3300000.0
Federico Ceccherini,3300000.0
Danilo Cataldi,3300000.0
Jens Stryger Larsen,3300000.0
Davide Santon,3300000.0
Ivan Ilic,3300000.0
Riccardo Gagliolo,3300000.0
Antonio Candreva,3300000.0
Salvatore Sirigu,3300000.0
Diego Farias,3300000.0
Jasmin Kurtic,3300000.0
Andrea Carboni,3300000.0
Davide Biraschi,3300000.0
Franck Ribéry,3300000.0
Bram Nuytinck,3300000.0
Stefano Okaka,3300000.0
Lennart Czyborra,3300000.0
Kamil Glik,3300000.0
Tomás Rincón,3300000.0
Ricardo Rodríguez,3300000.0
Mehdi Bourabia,3300000.0
Paolo Faragò,3300000.0
Antonino La Gumina,3300000.0
Cristiano Piccini,3080000.0
Simy,2750000.0
Gianluca Frabotta,2750000.0
Samir Handanovic,2750000.0
Stefan Radu,2750000.0
Javier Pastore,2750000.0
Pawel Dawidowicz,2750000.0
Riccardo Calafiori,2750000.0
Nikola Kalinic,2750000.0
Tommaso Augello,2750000.0
Alberto Cerri,2750000.0
Aleksandar Kolarov,2750000.0
Gastón Brugman,2750000.0
Diego Godín,2750000.0
Antonio Barreca,2750000.0
Arkadiusz Reca,2750000.0
Giulio Maggiore,2750000.0
Roberto Insigne,2750000.0
Thomas Ouwejan,2750000.0
Federico Santander,2750000.0
Francesco Cassata,2750000.0
Bruno Peres,2750000.0
Juan Jesus,2750000.0
Ahmad Benali,2640000.0
Lorenzo Tonelli,2640000.0
Bruno Amione,2530000.0
Luca Ceppitelli,2420000.0
Miha Zajc,2420000.0
Edoardo Goldaniga,2200000.0
Pierre Kalulu,2200000.0
Mehdi Léris,2200000.0
Gaetano Letizia,2200000.0
Pedro Pereira,2200000.0
Sami Khedira,2200000.0
Giorgio Chiellini,2200000.0
Artur Ionita,2200000.0
Ashley Young,2200000.0
Eduardo Henrique,2200000.0
Charalampos Lykogiannis,2200000.0
Ilija Nestorovski,2200000.0
Riccardo Saponara,2200000.0
Luca Caldirola,2200000.0
Sofian Kiyine,2200000.0
Martin Erlic,2200000.0
Koffi Djidji,2200000.0
Lorenzo Venuti,2200000.0
Lorenzo De Silvestri,2200000.0
Alex Ferrari,2200000.0
Bryan Dabo,2200000.0
Darian Males,2200000.0
Domenico Criscito,2200000.0
Cristian Ansaldi,2200000.0
Marco Sportiello,2200000.0
Emmanuel Gyasi,1980000.0
Mattia Destro,1980000.0
Simone Bastoni,1980000.0
Andrea Poli,1980000.0
Luis Rojas,1980000.0
Tolgay Arslan,1980000.0
Jacopo Petriccione,1980000.0
Arturo Calabresi,1980000.0
Ibrahima Mbaye,1760000.0
Niccolò Zanellato,1760000.0
Milos Vulic,1760000.0
Nicolas Viola,1760000.0
Lukas Haraslin,1650000.0
Samuel Di Carmine,1650000.0
Andrea Ranocchia,1650000.0
Gabriele Moncini,1650000.0
Marco Parolo,1650000.0
Roberto Piccoli,1650000.0
Antonio Mirante,1650000.0
Hans Nicolussi Caviglia,1650000.0
Federico Barba,1650000.0
Ardian Ismajli,1650000.0
Gary Medel,1650000.0
Matteo Tramoni,1650000.0
Riccardo Improta,1650000.0
Milan Badelj,1650000.0
Jacopo Segre,1540000.0
Ivan Radovanovic,1430000.0
Salvatore Molina,1430000.0
Senad Lulic,1320000.0
Elio Capradossi,1320000.0
Simone Iacoponi,1320000.0
Marco Tumminello,1320000.0
Denis Dragus,1320000.0
Marvin Zeegelaar,1320000.0
Salva Ferrer,1320000.0
Giuseppe Cuomo,1100000.0
Alberto Paleari,1100000.0
Fernando Llorente,1100000.0
Vittorio Parigini,1100000.0
Pietro Terracciano,1100000.0
Alessandro Tripaldelli,1100000.0
Gianluigi Buffon,1100000.0
Andri Fannar Baldursson,1100000.0
Fabio Quagliarella,1100000.0
Ivan Provedel,1100000.0
Martín Cáceres,1100000.0
Miguel Veloso,1100000.0
Manolo Portanova,1100000.0
Ivor Pandur,1100000.0
Zito Luvumbo,1100000.0
Fernando Forestieri,1100000.0
Federico Fazio,1100000.0
Simone Scuffet,1100000.0
Federico Mattiello,1100000.0
Borja Valero,1100000.0
Kristoffer Askildsen,1100000.0
Daam Foulon,1100000.0
Cristián Zapata,1100000.0
Guglielmo Vicario,1100000.0
Destiny Udogie,1100000.0
Nahuel Estévez,1100000.0
Alessandro Deiola,1100000.0
Lorenzo Colombo,1100000.0
Daniele Verde,1100000.0
Matteo Ruggeri,1100000.0
Pasquale Schiattarella,1100000.0
Mattia Sprocati,990000.0
Riza Durmisi,990000.0
Filippo Melegoni,990000.0
Perparim Hetemaj,990000.0
Riccardo Marchizza,990000.0
Jacopo Dezi,990000.0
Léo Sena,990000.0
Andrés Tello,990000.0
Bruno Alves,880000.0
Edoardo Vergani,880000.0
Martin Palumbo,880000.0
Andrey Galabinov,880000.0
Karlo Letica,880000.0
Andrea Masiello,880000.0
Luca Cigarini,880000.0
Emmanuel Rivière,880000.0
Pepe Reina,880000.0
Sebastien De Maio,880000.0
Valentin Eysseric,880000.0
Daniel Maldini,880000.0
Alessandro Tuia,880000.0
Vladimir Golemic,880000.0
Kaique Rocha,880000.0
Nicolás Schiappacasse,880000.0
Jacopo Sala,880000.0
Botond Balogh,880000.0
Ragnar Klavan,880000.0
Vanja Milinković-Savić,880000.0
Alessandro Buongiorno,880000.0
Luca Marrone,825000.0
Vincent Laurini,770000.0
Ciprian Tatarusanu,770000.0
Nehuén Paz,770000.0
Simone Colombi,660000.0
Tòfol Montiel,660000.0
Cristian Dell'Orco,660000.0
Kingsley Michael,660000.0
Andrea Rispoli,660000.0
Joel Asoro,660000.0
Christian Dalle Mura,550000.0
Luca Mora,550000.0
Andrea Adorante,550000.0
Nikita Contini,550000.0
Marko Pajac,550000.0
Francesco Magnanelli,550000.0
Petar Micin,550000.0
Djavan Anderson,550000.0
Simone Edera,550000.0
Federico Brancolini,550000.0
Marco Sau,550000.0
Fabrizio Caligara,550000.0
Alex Cordaz,550000.0
Mato Jajalo,550000.0
Vasco Regini,550000.0
Luca Vignali,495000.0
Federico Peluso,440000.0
Gennaro Acampora,440000.0
Goran Pandev,440000.0
Boris Radunović,440000.0
Filip Stankovic,440000.0
Stefano Turati,440000.0
Valon Behrami,440000.0
Giuseppe Di Serio,440000.0
Juan Ramos,440000.0
Carlo Pinsoglio,440000.0
Daniele Padelli,440000.0
Nicolò Armini,440000.0
Luca Siligardi,440000.0
Erick Ferigra,440000.0
Rodrigo Palacio,440000.0
Andrea Danzi,440000.0
Giuseppe Mastinu,440000.0
Karim Laribi,385000.0
Antonio Donnarumma,330000.0
Titas Krapikas,330000.0
Sebastian Prödl,330000.0
Antonio Mazzotta,330000.0
Nicola Ravaglia,330000.0
Davide Di Gennaro,330000.0
Christian Maggio,330000.0
Claudio Terzi,330000.0
Antonio Di Gaudio,330000.0
Massimo Volta,330000.0
Manuel Gasparini,330000.0
Giacomo Ricci,275000.0
Lukas Zima,275000.0
Michel Ndary Adopo,220000.0
Aristóteles Romero,220000.0
Federico Marchetti,220000.0
Giuseppe Caso,220000.0
Rafael,220000.0
Filippo Rinaldi,220000.0
Samir Ujkani,220000.0
Andrea Dini,220000.0
Angelo da Costa,220000.0
Luigi Vitale,220000.0
Nicolò Manfredini,193000.0
Abdallah Basit,165000.0
Marco Festa,165000.0
Simone Aresti,165000.0
Gian Marco Crespi,165000.0
Gianluca Pegolo,165000.0
Antonio Rosati,110000.0
Marco Alia,110000.0
Siriki Sanogo,110000.0
Francesco Rossi,110000.0
Federico Ravaglia,110000.0
Silvio Proto,110000.0
Sebastian Breza,110000.0
Madiu Bari,110000.0
Igor Lucatelli,110000.0
Nicola Borghetto,83000.0
Davide Masella,83000.0
Christian Pastina,83000.0
Francesco D'Alterio,55000.0
Alessandro Berardi,55000.0
Pier Graziano Gori,55000.0
Simone Farelli,55000.0
Joseph Marie Minala,770000.0
Jérôme Onguéné,4400000.0
Orji Okwonkwo,880000.0
Maximiliano Olivera,1650000.0
Mario Mandzukic,2750000.0
Adama Soumaoro,5500000.0
Daniel Bessa,2970000.0
Ernesto Torregrossa,4950000.0
Musa Juwara,2200000.0
Chris Richards,5500000.0
Tiago Dantas,4400000.0
Ron-Thorben Hoffmann,550000.0
Angelo Stiller,2750000.0
Bright Arrey-Mbi,1100000.0
Márton Dárdai,770000.0
Dion Berisha,330000.0
Tim Civeja,330000.0
Seong-hoon Cheon,275000.0
Benjamin Leneis,220000.0
Luka Jovic,22000000.0
Ansgar Knauff,550000.0
Jan Olschowsky,330000.0
Steffen Tigges,275000.0
Kaan Kurt,275000.0
Marvin Obuz,165000.0
Luca Schuler,110000.0
Matthew Hoppe,110000.0
Dominik Szoboszlai,27500000.0
Joe Scally,2200000.0
Sead Kolasinac,8800000.0
Timothy Fosu-Mensah,4400000.0
Jadon Sancho,110000000.0
Erling Haaland,110000000.0
Lucas Hernández,55000000.0
Marcus Thuram,44000000.0
Moussa Diaby,39600000.0
Julian Brandt,38500000.0
Matthias Ginter,38500000.0
Alassane Plea,38500000.0
Dani Olmo,36300000.0
Matheus Cunha,35200000.0
Andrej Kramaric,35200000.0
Giovanni Reyna,33000000.0
Edmond Tapsoba,33000000.0
André Silva,30800000.0
Florian Neuhaus,30800000.0
Manuel Akanji,27500000.0
Angeliño,27500000.0
Ozan Kabak,27500000.0
Florian Wirtz,26400000.0
Lucas Alario,22000000.0
Ryan Sessegnon,22000000.0
Jonathan Tah,22000000.0
Emil Forsberg,22000000.0
Kerem Demirbay,19800000.0
Ramy Bensebaini,19800000.0
Milot Rashica,19800000.0
Thomas Meunier,19800000.0
Christoph Baumgartner,19800000.0
Amadou Haidara,19800000.0
Nicolás González,17600000.0
Amine Harit,17600000.0
Jhon Córdoba,17600000.0
Daichi Kamada,17600000.0
Josip Brekalo,16500000.0
Orel Mangala,15400000.0
Jonas Hofmann,15400000.0
Diadié Samassékou,15400000.0
Stefan Posch,14300000.0
Dennis Geiger,14300000.0
Ruben Vargas,14300000.0
Javairô Dilrosun,13750000.0
Felix Uduokhai,13200000.0
Ridle Baku,12100000.0
Arne Maier,11000000.0
Mahmoud Dahoud,11000000.0
Silas Wamangituka,11000000.0
Baptiste Santamaria,11000000.0
Youssoufa Moukoko,11000000.0
Jamal Musiala,11000000.0
Josh Sargent,9900000.0
Moussa Niakhaté,9900000.0
Robin Quaison,9900000.0
Gonçalo Paciência,8800000.0
Maxence Lacroix,8800000.0
Wendell,8250000.0
Daley Sinkgraven,8250000.0
Djibril Sow,7700000.0
Iago,7150000.0
Omar Alderete,7150000.0
Robin Knoche,7150000.0
Benito Raman,6600000.0
Marco Richter,6600000.0
Pierre Kunde Malong,6600000.0
Wataru Endo,6600000.0
Lászlo Bénes,6600000.0
Leonardo Bittencourt,6600000.0
Kevin Akpoguma,6600000.0
Marco Friedl,6050000.0
Niclas Füllkrug,5500000.0
Carlos Gruezo,5500000.0
Roland Sallai,5500000.0
Sasa Kalajdzic,4950000.0
Mitchell Weiser,4950000.0
Marvin Friedrich,4950000.0
Christopher Lenz,4400000.0
Kevin Stöger,4400000.0
Benjamin Stambouli,4400000.0
Amos Pieper,3850000.0
Frederik Rönnow,3850000.0
Mike van der Hoorn,3300000.0
Lazar Samardzic,3300000.0
Jorge Meré,3300000.0
Felix Passlack,3300000.0
Borna Sosa,3300000.0
Can Bozdogan,2750000.0
Tomas Koubek,2750000.0
Jonathan Burkardt,2750000.0
Alfred Finnbogason,2750000.0
Kilian Ludewig,2750000.0
Mateo Klimowicz,2750000.0
Woo-yeong Jeong,2750000.0
Loris Karius,2200000.0
Tanguy Coulibaly,2200000.0
Jean Manuel Mbom,2200000.0
Melayro Bogarde,2200000.0
Aymen Barkok,2200000.0
Atakan Karazor,2200000.0
Jannes Horn,2200000.0
Malick Thiaw,2200000.0
Raphael Framberger,2200000.0
Roberto Massimo,1980000.0
André Hahn,1980000.0
Sheraldo Becker,1870000.0
Rafal Gikiewicz,1650000.0
Manuel Prietl,1430000.0
Clinton Mola,1320000.0
Tolu Arokodare,1320000.0
Christopher Trimmel,1320000.0
Luca Netz,1100000.0
Cebio Soukou,1100000.0
Jessic Ngankam,1100000.0
Andreas Luthe,990000.0
Julian Ryerson,880000.0
Paul Nebel,880000.0
Peter Pekarik,880000.0
Ádám Szalai,825000.0
Kerim Calhanoglu,770000.0
Anderson Lucoqui,770000.0
Reinhold Yabo,770000.0
Rocco Reitz,550000.0
Christian Groß,550000.0
Momo Cissé,550000.0
Finn Dahmen,550000.0
Jomaine Consbruch,550000.0
Timo Becker,550000.0
Carlo Boukhalfa,440000.0
Joscha Wosz,440000.0
Felix Irorere,220000.0
João Queirós,220000.0
Elias Bördner,110000.0
Klaas-Jan Huntelaar,880000.0
Marc Roca,17600000.0
Sebastiaan Bornauw,14300000.0
Serge Gnabry,99000000.0
Joshua Kimmich,93500000.0
Alphonso Davies,88000000.0
Leroy Sané,77000000.0
Dayot Upamecano,66000000.0
Leon Goretzka,66000000.0
Robert Lewandowski,66000000.0
Benjamin Pavard,49500000.0
Lukas Klostermann,41800000.0
Thomas Müller,38500000.0
Nico Elvedi,33000000.0
Konrad Laimer,33000000.0
Jude Bellingham,29700000.0
Emre Can,28600000.0
Yussuf Poulsen,27500000.0
Nordi Mukiele,25300000.0
Mats Hummels,22000000.0
Lucas Tousart,22000000.0
Martin Hinteregger,19800000.0
Manuel Neuer,19800000.0
Axel Witsel,18700000.0
Tyler Adams,17600000.0
Kevin Kampl,15400000.0
Willi Orban,13200000.0
Péter Gulácsi,12100000.0
William,11000000.0
Javi Martínez,11000000.0
Matija Nastasic,11000000.0
John Anthony Brooks,11000000.0
Niklas Stark,11000000.0
Pavel Kaderabek,11000000.0
Omar Mascarell,11000000.0
Jérôme Roussillon,11000000.0
Hannes Wolf,11000000.0
Maximilian Mittelstädt,11000000.0
Nico Schulz,11000000.0
Christian Günter,9900000.0
Alexander Schwolow,8800000.0
Jacob Bruun Larsen,8800000.0
Alexander Nübel,8800000.0
Ludwig Augustinsson,8800000.0
Ishak Belfodil,8250000.0
Daniel Ginczek,7700000.0
Ondrej Duda,7700000.0
Danny da Costa,7700000.0
Noah Katterbach,7700000.0
Max Kruse,7150000.0
Patrick Herrmann,7150000.0
Yannick Gerhardt,6600000.0
Admir Mehmedi,6600000.0
Kevin Vogt,6600000.0
Jonas Hector,6600000.0
Mijat Gacinovic,6600000.0
Gregor Kobel,6050000.0
Lars Stindl,5500000.0
Marvin Plattenhardt,5500000.0
Nils Petersen,5500000.0
Deyovaisio Zeefuik,5500000.0
Sebastian Rudy,4950000.0
Jetro Willems,4950000.0
Renato Steffen,4950000.0
Michael Gregoritsch,4950000.0
Benjamin Hübner,4400000.0
Florian Kainz,4400000.0
Ermedin Demirovic,4400000.0
Keven Schlotterbeck,4400000.0
Alessandro Schöpf,3850000.0
Steven Zuber,3300000.0
Daniel Caligiuri,3300000.0
Yuya Osako,3300000.0
Ömer Toprak,3300000.0
Lukas Klünter,3080000.0
Bastian Oczipka,3080000.0
Chang-hoon Kwon,3080000.0
Anthony Modeste,3080000.0
Kasim Adams,2750000.0
Kingsley Ehizibue,2750000.0
Niko Gießelmann,2750000.0
Josep Martínez,2750000.0
Ermin Bicakcic,2640000.0
Dominick Drexler,2420000.0
Timothy Chandler,2200000.0
Stefan Ilsanker,2200000.0
Luca Kilian,2200000.0
Danny Latza,2200000.0
Konstantinos Stafylidis,2200000.0
Reece Oxford,2200000.0
Julian Baumgartlinger,2200000.0
Mark Flekken,2200000.0
Ragnar Ache,1980000.0
Marwin Hitz,1870000.0
Mathew Leckie,1650000.0
Lukas Kübler,1650000.0
Ron-Robert Zieler,1650000.0
Lilian Egloff,1650000.0
Erik Durm,1650000.0
Kevin Möhwald,1650000.0
Daniel Brosinski,1430000.0
Paulo Otávio,1320000.0
Florian Hübner,1100000.0
Benno Schmitz,1100000.0
Niklas Moisander,1100000.0
Marco Höger,1100000.0
Levent Mercan,1100000.0
Marek Suchy,1100000.0
Marcel Schmelzer,1100000.0
Dong-won Ji,1100000.0
Amir Abrashi,1100000.0
Akaki Gogia,880000.0
Mads Pedersen,770000.0
Julian Schieber,550000.0
Marlon Mustapha,330000.0
Famana Quizera,220000.0
Lukas Fahrnberger,220000.0
Tim Maciejewski,220000.0
Tim Siersleben,220000.0
Jens Castrop,220000.0
Ilia Gruev,220000.0
Eren Dinkci,165000.0
Lino Kasten,110000.0
Marius Liesegang,110000.0
Tim Schreiber,110000.0
Luca Philipp,110000.0
Yannick Brugger,110000.0
Marco John,28000.0
Antonis Aidonis,330000.0
Omer Hanin,220000.0
Sava-Arangel Cestic,110000.0
Douglas Costa,22000000.0
Justin Kluivert,22000000.0
Amin Younes,5500000.0
Robert Gumny,3850000.0
Bartosz Bialek,3300000.0
Alexander Sörloth,22000000.0
Dimitrios Limnios,4400000.0
Bouna Sarr,9900000.0
Mattéo Guendouzi,35200000.0
Maximilian Philipp,12100000.0
Guus Til,9350000.0
Hee-chan Hwang,16500000.0
Romano Schmid,2200000.0
Andreas Poulsen,1100000.0
Christian Gebauer,880000.0
Julio Villalba,440000.0
Lennart Grill,1650000.0
Marcel Hartel,2750000.0
Andreas Voglsammer,2750000.0
Joakim Nilsson,2200000.0
Joel Pohjanpalo,2200000.0
Stefan Ortega Moreno,1650000.0
Cédric Brunner,1650000.0
Fabian Klos,1100000.0
Nils Seufert,935000.0
Maxime Awoudja,550000.0
Noel Niemann,330000.0
David Alaba,71500000.0
Denis Zakaria,44000000.0
Raphaël Guerreiro,38500000.0
Marcel Sabitzer,38500000.0
Christopher Nkunku,36300000.0
Wout Weghorst,33000000.0
Marco Reus,27500000.0
Patrik Schick,27500000.0
Marcel Halstenberg,22000000.0
Dodi Lukebakio,20900000.0
Exequiel Palacios,19800000.0
Maximilian Arnold,18700000.0
Xaver Schlager,18700000.0
Breel Embolo,17600000.0
Robert Skov,15400000.0
Jordan Torunarigha,14300000.0
Philipp Lienhart,13200000.0
Dedryck Boyata,11000000.0
Florian Niederlechner,11000000.0
Marin Pongracic,11000000.0
Joshua Zirkzee,9900000.0
Kevin Mbabu,9350000.0
Mark Uth,8250000.0
Sebastian Andersson,7700000.0
Vincenzo Grifo,7150000.0
Erik Thommy,6600000.0
Vladimir Darida,6050000.0
Davie Selke,5500000.0
Ismail Jakobs,5500000.0
Sebastian Rode,5500000.0
Robert Andrich,4400000.0
Lucas Höler,4400000.0
Florian Müller,4400000.0
Leandro Barreiro,4400000.0
Grischa Prömel,3300000.0
Marius Bülter,3300000.0
Marcus Ingvartsen,3300000.0
Mateu Morey Bauzà,3300000.0
Jeffrey Bruma,2750000.0
Noah Joel Sarenren Bazee,1650000.0
Maximilian Beier,1650000.0
Nick Woltemade,1100000.0
Nassim Boujellab,1100000.0
Yannik Keitel,660000.0
Dennis Borkowski,330000.0
Tim Lemperle,330000.0
Robert Voloder,275000.0
Oscar Schönfelder,275000.0
Jabez Makanda,220000.0
Fynn Otto,220000.0
Aílton,990000.0
Nikolai Rehnen,110000.0
Niklas Süle,52800000.0
Ibrahima Konaté,44550000.0
Kingsley Coman,44000000.0
Thorgan Hazard,35200000.0
Filip Kostic,35200000.0
Dan-Axel Zagadou,34650000.0
Leon Bailey,32450000.000000004
Corentin Tolisso,28050000.0
Evan N'Dicka,24750000.0
Reinier,24750000.0
Krzysztof Piatek,23650000.0
Suat Serdar,22000000.0
Florian Grillitsch,22000000.0
Thomas Delaney,19250000.0
Nadiem Amiri,17600000.0
Valentino Lazaro,16500000.0
Stefan Lainer,15950000.0
Paulinho,14850000.0
Maximilian Eggestein,14300000.0
Santiago Arias,13200000.0
Charles Aránguiz,13200000.0
Benjamin Henrichs,13200000.0
Karim Bellarabi,13200000.0
Jérôme Boateng,13200000.0
Roman Bürki,12100000.0
Tanguy Nianzou,12100000.0
Josuha Guilavogui,12100000.0
Koen Casteels,11550000.0
Jeffrey Gouweleeuw,10450000.0
Salif Sané,10450000.0
Yann Sommer,10450000.0
Dominique Heintz,8800000.0
Lukas Hradecky,8800000.0
Munas Dabbur,8800000.0
Kevin Trapp,8800000.0
Ihlas Bebou,8800000.0
Janik Haberer,8800000.0
Rani Khedira,8800000.0
Santiago Ascacíbar,8800000.0
Jeremiah St. Juste,7700000.0
Sven Bender,7700000.0
Christoph Kramer,7700000.0
Tin Jedvaj,7700000.0
Lars Bender,7700000.0
Ellyes Skhiri,7480000.0
Dominik Kohr,7480000.0
Almamy Touré,7150000.0
Jiri Pavlenka,7150000.0
Marius Wolf,7150000.0
Tahith Chong,6930000.0
Ritsu Doan,6930000.0
Eduard Löwen,6050000.0
Oliver Baumann,6050000.0
Edimilson Fernandes,6050000.0
Waldemar Anton,6050000.0
Aleksandar Dragovic,5720000.0
Milos Veljkovic,5720000.0
Jean-Paul Boëtius,5280000.0
Nabil Bentaleb,4400000.0
Timo Horn,4400000.0
Eric Maxim Choupo-Moting,4400000.0
Sargis Adamyan,4400000.0
Jonathan Schmid,4400000.0
Nico Schlotterbeck,4400000.0
Elvis Rexhbecaj,4400000.0
Marc Oliver Kempf,4400000.0
Daishawn Redan,3960000.0
João Victor,3850000.0
Karim Onisiwo,3850000.0
Nicolas Höfler,3850000.0
Tobias Strobl,3850000.0
Robin Zentner,3520000.0
Taiwo Awoniyi,3520000.0
Hamza Mendyl,3080000.0
Yunus Malli,3080000.0
Levin Öztunali,3080000.0
Salih Özcan,2970000.0
Konstantinos Mavropanos,2640000.0
Joshua Brenet,2640000.0
Pascal Stenzel,2640000.0
Tony Jantschke,2640000.0
Manuel Gulde,2640000.0
Jan Thielmann,2530000.0
Leon Dajaku,2530000.0
Jordan Beyer,2530000.0
Fredrik Jensen,2200000.0
Daniel Didavi,2200000.0
Marcin Kaminski,2200000.0
Lukasz Piszczek,2200000.0
Philipp Förster,2200000.0
Tuta,2200000.0
Markus Schubert,1980000.0
Felix Agu,1980000.0
Rafael Czichos,1870000.0
Havard Nordtveit,1760000.0
Ralf Fährmann,1760000.0
Sergio Córdova,1760000.0
Steven Skrzybski,1760000.0
Philipp Klement,1760000.0
Theodor Gebre Selassie,1540000.0
Stefan Bell,1540000.0
Keita Endo,1430000.0
Cedric Teuchert,1320000.0
Gonzalo Castro,1320000.0
Anthony Ujah,1320000.0
Oscar Wendt,1320000.0
Patrick Erras,1320000.0
Sebastian Griesbeck,1100000.0
Alexander Hack,1100000.0
Michael Lang,1050000.0
Tobias Raschl,990000.0
Ibrahima Traoré,880000.0
Rune Jarstein,880000.0
Makoto Hasebe,880000.0
Christian Gentner,880000.0
Phillipp Mwene,880000.0
Felix Götze,798000.0
Hamadi Al Ghaddioui,743000.0
Darko Churlinov,743000.0
Nathan de Medina,715000.0
Jóan Símun Edmundsson,715000.0
Ajdin Hrustic,715000.0
Pavao Pervan,715000.0
Jan Morávek,660000.0
Oscar Linnér,660000.0
Jacob Barrett Laursen,605000.0
Lino Tempelmann,578000.0
Benjamin Uphoff,523000.0
Nils Körber,523000.0
Mamadou Doucouré,495000.0
Fabian Kunze,495000.0
Tobias Sippel,440000.0
Fabian Bredlow,440000.0
Luca Unbehaun,385000.0
Fabrice Hartmann,385000.0
Philipp Tschauner,358000.0
Torben Müsel,358000.0
Eduardo Camavinga,66000000.0
Presnel Kimpembe,44000000.0
Moise Kean,33000000.0
Renato Sanches,30800000.0
Jonathan Ikoné,30800000.0
Ángel Di María,30800000.0
Thilo Kehrer,27500000.0
Jonathan Bamba,27500000.0
Lucas Paquetá,27500000.0
Sven Botman,27500000.0
Boubakary Soumaré,25300000.0
Morgan Sanson,22000000.0
Jason Denayer,22000000.0
Yusuf Yazici,22000000.0
Amine Gouiri,22000000.0
Julian Draxler,22000000.0
Aleksandr Golovin,20900000.0
Axel Disasi,19800000.0
Idrissa Gueye,19800000.0
Mohamed Simakan,19800000.0
Thiago Mendes,19800000.0
Youcef Atal,17600000.0
Andy Delort,16500000.0
Rafinha,16500000.0
Karl Toko Ekambi,16500000.0
Alessandro Florenzi,16500000.0
Benjamin André,15400000.0
Ludovic Blas,14300000.0
Florentino,14300000.0
Gaëtan Laborde,14300000.0
Serhou Guirassy,14300000.0
Boulaye Dia,13200000.0
Maxwel Cornet,13200000.0
Tino Kadewere,13200000.0
Angelo Fulgini,12100000.0
Toma Basic,11000000.0
Daniele Rugani,11000000.0
Mitchel Bakker,11000000.0
M'Baye Niang,11000000.0
Ruben Aguilar,11000000.0
Darío Benedetto,11000000.0
Paul Bernardoni,11000000.0
Sofiane Diop,11000000.0
Denis Bouanga,11000000.0
Steven Nzonzi,11000000.0
El Bilal Touré,9350000.0
Morgan Schneiderlin,9350000.0
Pape Gueye,8800000.0
Guillermo Maripán,8800000.0
Romain Perraud,8800000.0
Gaël Kakuta,8800000.0
Romain Faivre,8800000.0
Jonas Omlin,8800000.0
Ludovic Ajorque,8800000.0
Ignatius Ganago,8800000.0
Adrien Truffert,8800000.0
Gautier Larsonneur,8800000.0
Rony Lopes,8800000.0
Nathanaël Mbuku,8800000.0
Irvin Cardona,8800000.0
Yoane Wissa,8800000.0
Caio Henrique,8800000.0
Zaydou Youssouf,7700000.0
Pierre Lees Melou,7700000.0
Djibril Sidibé,7700000.0
Brandon Soppy,7700000.0
Stéphane Bahoken,7700000.0
Alexis Claude-Maurice,7700000.0
Steve Mounié,7700000.0
Fabien Centonze,7700000.0
Stanley Nsoki,7700000.0
Zinedine Ferhat,7700000.0
Pedro Mendes,7700000.0
Adrian Grbic,7700000.0
Myziane Maolida,7700000.0
Fodé Ballo-Touré,7150000.0
James Léa Siliki,7150000.0
Abdoulaye Touré,7150000.0
Arnaud Kalimuendo,6600000.0
Mama Baldé,6600000.0
Stephy Mavididi,6600000.0
Thomas Foket,6600000.0
Franck Honorat,6600000.0
Dalbert,6600000.0
Éric Ebimbe,6600000.0
Loïc Badé,6600000.0
Dylan Bronn,6600000.0
Adrien Hunou,6600000.0
Sofiane Boufal,6600000.0
Habib Maïga,6050000.0
Opa Nguette,5500000.0
Jean-Ricner Bellegarde,5500000.0
Randal Kolo Muani,5500000.0
Nicolas de Préville,5500000.0
Jonathan Panzo,5500000.0
Yann Gboho,5500000.0
Robson Bambu,5500000.0
Hatem Ben Arfa,5500000.0
Enzo Le Fée,5500000.0
Ibrahim Amadou,5500000.0
Wahbi Khazri,5500000.0
Yvan Neyou,4950000.0
Nemanja Radonjic,4950000.0
Roger Assalé,4950000.0
Flavien Tait,4950000.0
Arnaud Nordin,4950000.0
Wout Faes,4400000.0
Junior Sambia,4400000.0
Timothée Pembélé,4400000.0
Victorien Angban,4400000.0
Flavius Daniliuc,4400000.0
Kiki Kouyaté,4400000.0
Isaac Lihadji,4400000.0
Farid Boulaya,4400000.0
Hicham Boudaoui,4400000.0
Ronaël Pierre-Gabriel,4400000.0
Lamine Fomba,4400000.0
Dan Ndoye,4400000.0
Jean-Kevin Duverne,4400000.0
Anthony Caci,4400000.0
Xavier Chavalerin,4400000.0
Jean-Kévin Augustin,4400000.0
Timothée Kolodziejczak,4400000.0
Chrislain Matsima,4400000.0
Lucas Gourna-Douath,4400000.0
Sinaly Diomandé,4400000.0
Jordan Ferri,3850000.0
Pierre-Yves Hamel,3850000.0
Moussa Konaté,3300000.0
Renaud Emond,3300000.0
Antonin Bobichon,3300000.0
Gerzino Nyamsi,3300000.0
Kays Ruiz-Atil,3300000.0
Youssef Aït Bennasser,3300000.0
Niclas Eliasson,3300000.0
Issiaga Sylla,3300000.0
Moussa Koné,3300000.0
Arnaud Souquet,3300000.0
Dario Maresic,3300000.0
Armand Laurienté,3300000.0
Sacha Boey,2750000.0
Jonathan Gradit,2750000.0
Loïs Diony,2750000.0
Lebo Mothiba,2750000.0
Kalifa Coulibaly,2750000.0
Hianga'a M'Bock,2200000.0
Jonathan Clauss,2200000.0
Lilian Brassier,2200000.0
Aaron Leya Iseka,2200000.0
Jimmy Cabot,2200000.0
Lamine Koné,2200000.0
Kévin Zohi,2200000.0
Samuel Grandsir,2200000.0
Aimen Moueffek,2200000.0
Nicolas Pallois,2200000.0
Laurent Abergel,2200000.0
Anthony Racioppi,2200000.0
Julien Laporte,2200000.0
Sofiane Alakouch,2200000.0
Brendan Chardonnet,2200000.0
Burak Yilmaz,2200000.0
Florian Miguel,2200000.0
Florian Sotoca,1980000.0
Warren Tchimbembé,1650000.0
Maxence Rivera,1650000.0
Vincent Manceau,1650000.0
Simon Banza,1650000.0
Ismaël Traoré,1650000.0
Georginio Rutter,1650000.0
Papa Ndiaga Yade,1650000.0
John Boye,1650000.0
Eliot Matazo,1650000.0
Massadio Haidara,1650000.0
Mehdi Zerkane,1650000.0
Lamine Gueye,1650000.0
Ngonda Muzinga,1100000.0
Enzo Millot,1100000.0
Mohamed-Ali Cho,1100000.0
Il-lok Yun,1100000.0
Bandiougou Fadiga,880000.0
Clément Depres,880000.0
Alpha Sissoko,880000.0
Mattéo Ahlinvi,660000.0
Pépé Bonet,550000.0
Lucas Chevalier,550000.0
Lenny Lacroix,550000.0
Saïdou Sow,550000.0
Hugo Ekitike,440000.0
Mouez Hassen,440000.0
Fodé Doucouré,440000.0
David Costa,330000.0
Mouhamadou Drammeh,330000.0
Moise Sakava,220000.0
Ernest Boahene,165000.0
Béni Makouana,165000.0
Mathyas Randriamamy,165000.0
Krépin Diatta,19800000.0
Mathías Suárez,550000.0
Arkadiusz Milik,24200000.0
Pol Lirola,8800000.0
William Saliba,18700000.0
Islam Slimani,5500000.0
Naomichi Ueda,880000.0
Kylian Mbappé,198000000.0
Neymar,140800000.0
Marquinhos,77000000.0
Marco Verratti,66000000.0
Mauro Icardi,60500000.0
Houssem Aouar,55000000.0
Memphis Depay,49500000.0
Wissam Ben Yedder,44000000.0
Florian Thauvin,35200000.0
Boubacar Kamara,35200000.0
Jonathan David,33000000.0
Bruno Guimarães,30800000.0
Kevin Volland,30800000.0
Rayan Cherki,27500000.0
Pablo Sarabia,27500000.0
Abdou Diallo,27500000.0
Benoît Badiashile,27500000.0
Jeff Reine-Adélaïde,27500000.0
Danilo Pereira,26400000.0
Duje Caleta-Car,25300000.0
Kasper Dolberg,25300000.0
Gelson Martins,22000000.0
Zeki Celik,22000000.0
Mike Maignan,22000000.0
Leandro Paredes,22000000.0
Jérémy Doku,22000000.0
Anthony Lopes,20900000.0
Valentin Rongier,19800000.0
Juan Bernat,17600000.0
Aurélien Tchouaméni,17600000.0
Ander Herrera,16500000.0
Benjamin Bourigeaud,16500000.0
Léo Dubois,15400000.0
Faitout Maouassa,14300000.0
Youssouf Fofana,14300000.0
Alban Lafont,13750000.0
Maxence Caqueret,13200000.0
Martin Terrier,13200000.0
Habib Diallo,13200000.0
Imrân Louza,13200000.0
Téji Savanier,13200000.0
Colin Dagba,13200000.0
Layvin Kurzawa,13200000.0
Benjamin Lecomte,12100000.0
Michaël Cuisance,11000000.0
Walter Benítez,11000000.0
Keylor Navas,11000000.0
Adil Aouchiche,11000000.0
Seko Fofana,11000000.0
Jordan Amavi,11000000.0
Kenny Lala,9900000.0
Predrag Rajkovic,9900000.0
Mounir Chouiar,9900000.0
Alfred Gomis,9900000.0
Ibrahima Niane,9900000.0
Dimitri Payet,9350000.0
Nayef Aguerd,8800000.0
Sergio Rico,8800000.0
Youssouf Sabaly,8800000.0
Luis Henrique,8800000.0
Hassane Kamara,8800000.0
Facundo Medina,8800000.0
Luiz Araújo,8800000.0
Hamari Traoré,8800000.0
Mattia De Sciglio,8250000.0
Timothy Weah,8250000.0
Leonardo Balerdi,8250000.0
Florent Mollet,7700000.0
Rémi Oudin,7700000.0
Samuel Kalu,7700000.0
Xeka,7700000.0
Moses Simon,7700000.0
Joris Chotard,7700000.0
Otávio,7700000.0
Álvaro González,7700000.0
Cesc Fàbregas,7150000.0
Stevan Jovetic,7150000.0
Matz Sels,7150000.0
Adrien Thomasson,7150000.0
Alexander Djiku,7150000.0
Josh Maja,7150000.0
Yacine Adli,7150000.0
Ghislain Konan,6600000.0
Panagiotis Retsos,6600000.0
Mathieu Cafaro,6600000.0
Ibrahima Sissoko,6600000.0
Henry Onyekuru,6600000.0
Terem Moffi,6600000.0
Willem Geubbels,6600000.0
Pietro Pellegri,6600000.0
Domagoj Bradaric,6600000.0
Jordan Lotomba,6600000.0
Romain Del Castillo,6600000.0
Khéphren Thuram,6050000.0
Hiroki Sakai,6050000.0
Arbër Zeneli,5500000.0
Andrei Girotto,5500000.0
Arthur Zagre,5500000.0
Andy Pelmard,5500000.0
Christophe Hérelle,5500000.0
Radoslaw Majecki,4950000.0
Jean Lucas,4950000.0
Tiago Djaló,4950000.0
Clément Grenier,4620000.0
Laurent Koscielny,4400000.0
Renaud Ripart,4400000.0
Pape Cheikh,4400000.0
Rachid Alioui,4400000.0
Harold Moukoudi,4400000.0
Valon Berisha,4400000.0
Andrés Cubas,4400000.0
Bersant Celina,4400000.0
Anthony Limbombe,4400000.0
Valère Germain,4400000.0
Melvin Bard,4400000.0
Yassine Benrahou,4400000.0
Damien Da Silva,4400000.0
Jean-Eudes Aholou,4400000.0
Sada Thioub,3850000.0
Wuilker Fariñez,3850000.0
Mathias Pereira Lage,3850000.0
Andreaw Gravillon,3850000.0
Enock Kwateng,3850000.0
Nicolas Cozza,3850000.0
Mahdi Camara,3850000.0
Cheick Doucouré,3850000.0
Vagner,3850000.0
Didier Ndong,3850000.0
Loris Benito,3850000.0
Benoît Costil,3850000.0
Mamadou Fofana,3850000.0
Anthony Briancon,3850000.0
Damien Le Tallec,3520000.0
Alexandre Oukidja,3300000.0
Marcus Coco,3300000.0
Kévin N'Doram,3300000.0
Charles Abi,3300000.0
Yvann Maçon,3300000.0
Reinildo Mandava,3300000.0
Jonas Martin,3300000.0
Kaj Sierhuis,3300000.0
Trevoh Chalobah,2970000.0
Fábio,2750000.0
Patrick Burner,2750000.0
Ambroise Oyongo,2750000.0
Stefan Mitrovic,2750000.0
Souleyman Doumbia,2750000.0
Pedro Chirivella,2750000.0
Steve Mandanda,2750000.0
Charles Traoré,2750000.0
Yunis Abdelhamid,2750000.0
Jean-Charles Castelletto,2750000.0
Quentin Boisgard,2750000.0
Majeed Waris,2750000.0
Pablo Martinez,2750000.0
Stéphane Diarra,2750000.0
Romain Hamouma,2750000.0
Baptiste Reynet,2750000.0
Ui-jo Hwang,2750000.0
Paul Nardi,2750000.0
Clément Michelin,2750000.0
Mehdi Abeid,2750000.0
Gaëtan Charbonnier,2750000.0
Marley Aké,2750000.0
Ryad Boudebouz,2750000.0
Matthieu Udol,2750000.0
Moreto Cassamá,2750000.0
Romain Thomas,2640000.0
Bruno Ecuele Manga,2420000.0
Abdoul Kader Bamba,2200000.0
Vincent Le Goff,2200000.0
Dereck Kutesa,2200000.0
Haris Belkebla,2200000.0
Aníbal Chalá,2200000.0
Tony Mauricio,2200000.0
Cristian Battocchio,2200000.0
Vukasin Jovanovic,2200000.0
Lucas Deaux,2200000.0
Thierry Ambrose,2200000.0
Moussa Doumbia,2200000.0
Maxime Poundjé,2200000.0
Thomas Monconduit,2200000.0
Loïck Landre,2200000.0
Mexer,2200000.0
Mihailo Ristic,2200000.0
Mathieu Debuchy,2200000.0
Sidy Sarr,2200000.0
Birger Meling,2200000.0
Abdoulaye Bamba,2200000.0
Anastasios Donis,2200000.0
Racine Coly,2200000.0
Sanjin Prcic,2200000.0
Jérémy Pied,2200000.0
Lionel Carole,2200000.0
Denys Bain,2200000.0
Fraser Hornby,2200000.0
Thomas Basila,1980000.0
Saîf-Eddine Khaoui,1980000.0
Lucas Perrin,1980000.0
Dennis Appiah,1980000.0
Alexis Trouillet,1980000.0
Paul Lasne,1870000.0
Yassine Benzia,1760000.0
Corentin Jean,1760000.0
Farid El Melali,1760000.0
Thomas Mangani,1760000.0
Pierrick Capelle,1760000.0
Sébastien Corchia,1760000.0
Miguel Trauco,1650000.0
Thomas Delaine,1650000.0
Marshall Munetsi,1650000.0
Ismaël Boura,1650000.0
Mehdi Chahiri,1650000.0
Konstantinos Mitroglou,1650000.0
Bingourou Kamara,1650000.0
Saturnin Allagbé,1650000.0
Dimitri Liénard,1650000.0
Gabriel Silva,1650000.0
Umut Bozok,1650000.0
Jimmy Briand,1650000.0
José Fonte,1650000.0
Vincent Pajot,1650000.0
Camilo,1430000.0
Jean-Louis Leca,1430000.0
Nolan Roux,1320000.0
Bilal Benkhedim,1320000.0
Houboulang Mendes,1320000.0
Wesley Lautoa,1320000.0
Cenk Özkacar,1320000.0
Kévin Monnet-Paquet,1320000.0
Djamel Eddine Benlamri,1210000.0
Paul Baysse,1100000.0
Karim Aribi,1100000.0
Fabien Lemoine,1100000.0
Gaëtan Poussin,1100000.0
Jessy Moulin,1100000.0
Jérémy Le Douaron,1100000.0
Enzo Ebosse,1100000.0
Thomas Fontaine,1100000.0
Dante,1100000.0
Thomas Touré,1100000.0
Stefan Bajic,1100000.0
Alexandru Dobre,1100000.0
Gaëtan Paquiez,1100000.0
Lassana Coulibaly,1100000.0
Vito Mannone,1100000.0
Mateo Pavlovic,1100000.0
Marc-Aurèle Caillard,1100000.0
Julien Faussurier,1100000.0
Keagan Dolly,1100000.0
Christopher Rocchia,1100000.0
Romain Philippoteaux,1100000.0
Idriss Saadi,1100000.0
Ismaël Aaneba,990000.0
Jean-Philippe Krasso,990000.0
Franklin Wadja,990000.0
Cheikh Niasse,880000.0
Youssef Maziz,880000.0
Haris Duljevic,880000.0
Cheick Traoré,880000.0
Senou Coulibaly,880000.0
Steven Fortes,880000.0
Yuto Nagatomo,880000.0
Dimitry Bertaud,880000.0
Jordan Marié,880000.0
Danijel Petkovic,770000.0
Thibault De Smet,770000.0
Hugo Magnetti,770000.0
Fouad Chafik,715000.0
Manuel Cabit,715000.0
Aleksandar Radovanovic,660000.0
Yoan Cardinale,660000.0
Lucas Dias,660000.0
Ferris N'Goma,605000.0
Yehvann Diouf,550000.0
Orestis Karnezis,550000.0
Batista Mendy,550000.0
Matthieu Saunier,550000.0
Daniel Congré,550000.0
Romain Salin,550000.0
Petar Skuletic,550000.0
Haithem Loucif,550000.0
Sylvain Marveaux,550000.0
Bridge Ndilu,550000.0
Julian Pollersbeck,550000.0
Clément Vidal,495000.0
Yahya Soumaré,440000.0
Alexandre Letellier,440000.0
Jérémy Morel,440000.0
Amir Arli,440000.0
Yannick Cahuzac,440000.0
Matthieu Dreyer,440000.0
Sami Ben Amar,385000.0
Ludovic Baal,358000.0
Frédéric Sammaritano,358000.0
Jonathan Delaplace,358000.0
Dilane Bakwa,330000.0
Noah Fatar,330000.0
Abdoulaye Sidibé,330000.0
Roli Pereira de Sa,330000.0
Lucas Buades,330000.0
Kévin Boma,330000.0
Eugenio Pizzuto,330000.0
Ugo Bertelli,330000.0
Lévi Ntumba,330000.0
Zakaria Diallo,330000.0
Deji Sotona,330000.0
Samy Benchama,330000.0
Jérôme Hergault,330000.0
Ibrahim Diarra,330000.0
Kelyan Guessoum,330000.0
Waniss Taïbi,330000.0
Malamine Doumbouya,330000.0
Ahmad Ngouyamsa,275000.0
Over Mandanda,275000.0
Alexandre Phliponeau,275000.0
Maxen Kapo,275000.0
Wilitty Younoussa,275000.0
Denis Petric,275000.0
Ludovic Butelle,275000.0
Thibaut Vargas,275000.0
Malcolm Barcola,275000.0
Sébastien Cibois,275000.0
Kevin Bemanga,275000.0
Yohann Pelé,275000.0
Elhadji Pape Diaw,275000.0
Jorès Rahou,220000.0
Amadou Traoré,220000.0
Antoine Valerio,220000.0
Matis Carvalho,220000.0
Ismaël Sow,220000.0
Yanis Ammour,220000.0
Logan Delaurier-Chaubet,220000.0
Thibault Tamas,220000.0
Fadiga Ouattara,220000.0
Thomas Callens,165000.0
Richecard Richard,165000.0
Teddy Boulhendi,165000.0
Simon Ngapandouetnbu,165000.0
Zinédine Ould Khaled,165000.0
Boubacar Traoré,165000.0
Eiji Kawashima,165000.0
Rafiki Saïd,165000.0
Etienne Green,165000.0
Teddy Bartouche,165000.0
Aaron Kamardin,165000.0
Adam Oudjani,165000.0
Nassim Ahmed,165000.0
Dialy Ndiaye,165000.0
Mahame Siby,165000.0
Idrissa Dioh,165000.0
Cheick Souaré,165000.0
Charly Jan,165000.0
Yanis Saidani,165000.0
Hilton,110000.0
David Kong,110000.0
Denis Franchi,275000.0
